INSERT INTO squadra VALUES ('Pulcini Recca', 5, 'Pulcini');
INSERT INTO squadra VALUES ('Juniores Recca', 12, 'Juniores');
INSERT INTO squadra VALUES ('Primavera Recca', 15, 'Primavera');
INSERT INTO squadra VALUES ('Primavera Recca B', 15, 'Primavera');

INSERT INTO dipendenti VALUES ('CNTGSP63A01F839A', 'Giuseppe', 'Conte', 'Allenatore', 'Pulcini Recca');
INSERT INTO dipendenti VALUES ('ZNGNCL63A01F839A', 'Nicola', 'Zingaretti', 'Preparatore', 'Pulcini Recca');
INSERT INTO dipendenti VALUES ('DMILGU63A01F839A', 'Luigi', 'Di Maio', 'Allenatore', 'Juniores Recca');
INSERT INTO dipendenti VALUES ('RNZMTT63A01F839A', 'Matteo', 'Renzi', 'Preparatore', 'Juniores Recca');
INSERT INTO dipendenti VALUES ('SLVMTT63A01F839A', 'Matteo', 'Salvini', 'Allenatore', 'Primavera Recca');
INSERT INTO dipendenti VALUES ('CRBLRN63A01F839A', 'Lorenzo', 'Cherubini', 'Preparatore', 'Primavera Recca');
INSERT INTO dipendenti VALUES ('JRDMCH63A01F839A', 'Micheal', 'Jordan', 'Allenatore', 'Primavera Recca B');
INSERT INTO dipendenti VALUES ('HMLLWE63A01F839A', 'Lewis', 'Hamilton', 'Preparatore', 'Primavera Recca B');

INSERT INTO utente VALUES('yantcaccia', 'fintaPass1!', 'Antonio', 'Cacciapuoti');
INSERT INTO utente VALUES('gabrycaccia', 'fintaPass1!', 'Gabriele', 'Cacciapuoti');
INSERT INTO utente VALUES('cantoale', 'fintaPass1!', 'Alessandro', 'Canto');
INSERT INTO utente VALUES('pacebia', 'fintaPass1!', 'Biagio', 'Pace');
INSERT INTO utente VALUES('trolol', 'fintaPass1!', 'Francesco', 'Pozi');
INSERT INTO utente VALUES('briziofab', 'fintaPass1!', 'Fabrizio', 'Carangio');
INSERT INTO utente VALUES('verTrev', 'fintaPass1!', 'Veronica', 'Trevisani');
INSERT INTO utente VALUES('BrunoNd', 'fintaPass1!', 'Bruno', 'Secondo');
INSERT INTO utente VALUES('SquareAngy', 'fintaPass1!', 'Angelina', 'Piazza');
INSERT INTO utente VALUES('EdDell', 'fintaPass1!', 'Eduardo', 'Dellucci');
INSERT INTO utente VALUES('WelcomeBari', 'fintaPass1!', 'Benvenuto', 'Baresi');
INSERT INTO utente VALUES('ErosArancina', 'fintaPass1!', 'Eros', 'Palerma');
INSERT INTO utente VALUES('FreeNucci', 'fintaPass1!', 'Liberio', 'Nucci');
INSERT INTO utente VALUES('Pierooo', 'fintaPass1!', 'Ausilio', 'Ferri');
INSERT INTO utente VALUES('WhitePwr', 'fintaPass1!', 'Roberto', 'Bianchi');
INSERT INTO utente VALUES('DvxOmerux', 'fintaPass1!', 'Omero', 'Lo Duca'); 
INSERT INTO utente VALUES('WhiteHorse', 'fintaPass1!', 'Napoleone', 'Lucchese');
INSERT INTO utente VALUES('ChickPio', 'fintaPass1!', 'Pio', 'Calabrese'); 
INSERT INTO utente VALUES('fanCasino', 'fintaPass1!', 'Vinicio', 'Calabresi'); 
INSERT INTO utente VALUES('RiseAndWalk', 'fintaPass1!', 'Lazzaro', 'Cremonesi'); 
INSERT INTO utente VALUES('ciaoTrevi', 'fintaPass1!', 'Costanzo', 'Trevisano'); 
INSERT INTO utente VALUES('elMancio', 'fintaPass1!', 'Daniele', 'Mancini'); 
INSERT INTO utente VALUES('SiCulo', 'fintaPass1!', 'Eugenio', 'Siciliani'); 
INSERT INTO utente VALUES('NiceBeach', 'fintaPass1!', 'Abelino', 'Costa'); 
INSERT INTO utente VALUES('BoiaDeh', 'fintaPass1!', 'Valter', 'Toscani'); 
INSERT INTO utente VALUES('GermaniaOvest', 'fintaPass1!', 'Adolfo', 'Palermo'); 
INSERT INTO utente VALUES('AuditoreForLife', 'fintaPass1!', 'Ezio', 'Lucchesi'); 
INSERT INTO utente VALUES('BigBoot', 'fintaPass1!', 'Leonide', 'Cattaneo'); 
INSERT INTO utente VALUES('DelSchiav', 'fintaPass1!', 'Delmo', 'Schiavone'); 
INSERT INTO utente VALUES('UnFiorino', 'fintaPass1!', 'Egidio', 'Fiorentini'); 
INSERT INTO utente VALUES('PanMarc', 'fintaPass1!', 'Pancrazio', 'Marchesi'); 
INSERT INTO utente VALUES('EziAng', 'fintaPass1!', 'Ezio', 'Angelo'); 
INSERT INTO utente VALUES('CallUdi', 'fintaPass1!', 'Callisto', 'Udinesi'); 
INSERT INTO utente VALUES('DarioTrevi', 'fintaPass1!', 'Dario', 'Trevisani'); 
INSERT INTO utente VALUES('MartCala', 'fintaPass1!', 'Martino', 'Calabrese'); 
INSERT INTO utente VALUES('GioTrev', 'fintaPass1!', 'Giovanni', 'Trevisan');  
INSERT INTO utente VALUES('ToloGrec', 'fintaPass1!', 'Tolomeo', 'Greco');  
INSERT INTO utente VALUES('PlacLor', 'fintaPass1!', 'Placido', 'Lorenzo');  
INSERT INTO utente VALUES('LorBell', 'fintaPass1!', 'Lorenzo', 'Bellucci');  
INSERT INTO utente VALUES('AntBoni', 'fintaPass1!', 'Antonio', 'Boni');  
INSERT INTO utente VALUES('GiacBianc', 'fintaPass1!', 'Giacomo', 'Bianchi');  
INSERT INTO utente VALUES('AlfLett', 'fintaPass1!', 'Alfonso', 'Lettiere');  
INSERT INTO utente VALUES('BenPisa', 'fintaPass1!', 'Benito', 'Pisano');  
INSERT INTO utente VALUES('GheMan', 'fintaPass1!', 'Gherardo', 'Mancini');  
INSERT INTO utente VALUES('LeoMona', 'fintaPass1!', 'Leonide', 'Monaldo');  
INSERT INTO utente VALUES('IgnMaz', 'fintaPass1!', 'Ignazio', 'Mazzi');  
INSERT INTO utente VALUES('AmbrNucc', 'fintaPass1!', 'Ambrogino', 'Nucci');  
INSERT INTO utente VALUES('UranNapoli', 'fintaPass1!', 'Uranio', 'Napolitano');  
INSERT INTO utente VALUES('LudCapon', 'fintaPass1!', 'Ludovico', 'Capon'); 
INSERT INTO utente VALUES('AlcFanu', 'fintaPass1!', 'Alceo', 'Fanucci'); 
INSERT INTO utente VALUES('FerrMila', 'fintaPass1!', 'Ferruccio', 'Milani'); 
INSERT INTO utente VALUES('DivoGior', 'fintaPass1!', 'Divo', 'Giordano'); 
INSERT INTO utente VALUES('FeliNapo', 'fintaPass1!', 'Felice', 'Napolitano'); 
INSERT INTO utente VALUES('LibPugl', 'fintaPass1!', 'Liberato', 'Pugliesi'); 
INSERT INTO utente VALUES('TimoCapon', 'fintaPass1!', 'Timoteo', 'Capon'); 
INSERT INTO utente VALUES('EmilPado', 'fintaPass1!', 'Emiliano', 'Padovesi'); 
INSERT INTO utente VALUES('UraMarc', 'fintaPass1!', 'Uranio', 'Marchesi'); 
INSERT INTO utente VALUES('TanCocci', 'fintaPass1!', 'Tancredi', 'Cocci'); 
INSERT INTO utente VALUES('VitoMan', 'fintaPass1!', 'Vito', 'Mancini'); 
INSERT INTO utente VALUES('OsvNucc', 'fintaPass1!', 'Osvaldo', 'Nucci'); 
INSERT INTO utente VALUES('NapoFan', 'fintaPass1!', 'Napoleone', 'Fanucci'); 
INSERT INTO utente VALUES('LibMan', 'fintaPass1!', 'Libero', 'Manna'); 


INSERT INTO iscritto VALUES('CCCNTN05A01F839T', 'yantcaccia', 15, 30, 20, 300, 'Primavera Recca');
INSERT INTO iscritto VALUES('TRVVNC72C44B644U', 'verTrev', 15, 15, 20, 250, 'Primavera Recca');
INSERT INTO iscritto VALUES('SCNBRN89E04D615E', 'BrunoNd', 15, 15, 20, 250, 'Primavera Recca');
INSERT INTO iscritto VALUES('PZZNLN85R53D615B', 'SquareAngy', 15, 15, 20, 250, 'Primavera Recca');
INSERT INTO iscritto VALUES('DLLDRD80L24D615Y', 'EdDell', 15, 15, 20, 250, 'Primavera Recca');
INSERT INTO iscritto VALUES('BRSBVN66L31D615J', 'WelcomeBari', 15, 15, 20, 250, 'Primavera Recca');
INSERT INTO iscritto VALUES('PLRRSE56E19D615H', 'ErosArancina', 15, 15, 20, 250, 'Primavera Recca');
INSERT INTO iscritto VALUES('NCCLBR74R25D615B', 'FreeNucci', 15, 15, 20, 250, 'Primavera Recca');
INSERT INTO iscritto VALUES('FRRSLA85L09D615L', 'Pierooo', 15, 15, 20, 250, 'Primavera Recca');
INSERT INTO iscritto VALUES('BNCRRT74D14D615C', 'WhitePwr', 15, 15, 20, 250, 'Primavera Recca');
INSERT INTO iscritto VALUES('LDCMRO90H29D615J', 'DvxOmerux', 15, 15, 20, 250, 'Primavera Recca');
INSERT INTO iscritto VALUES('LCCNLN75R21D615B', 'WhiteHorse', 15, 15, 20, 250, 'Primavera Recca');
INSERT INTO iscritto VALUES('CLBPIO81E14D615F', 'ChickPio', 15, 0, 0, 250, 'Primavera Recca');
INSERT INTO iscritto VALUES('CLBVCN89M20D615G', 'fanCasino', 15, 0, 0, 250, 'Primavera Recca');
INSERT INTO iscritto VALUES('CRMLZR90M13D615O', 'RiseAndWalk', 15, 0, 0, 250, 'Primavera Recca');
INSERT INTO iscritto VALUES('CCCGBR05A01F839T', 'gabrycaccia', 15, 40, 30, 350, 'Primavera Recca B');
INSERT INTO iscritto VALUES('TRVCTN86L08D615U', 'ciaoTrevi', 15, 15, 20, 250, 'Primavera Recca B');
INSERT INTO iscritto VALUES('MNCDNL70A04D615Z', 'elMancio', 15, 15, 20, 250, 'Primavera Recca B');
INSERT INTO iscritto VALUES('SCLGGN86P08D615B', 'SiCulo', 15, 15, 20, 250, 'Primavera Recca B');
INSERT INTO iscritto VALUES('CSTBLN88H08D615U', 'NiceBeach', 15, 15, 20, 250, 'Primavera Recca B');
INSERT INTO iscritto VALUES('TSCVTR69H23D615P', 'BoiaDeh', 15, 15, 20, 250, 'Primavera Recca B');
INSERT INTO iscritto VALUES('PLRDLF83L07D615F', 'GermaniaOvest', 15, 15, 20, 250, 'Primavera Recca B');
INSERT INTO iscritto VALUES('LCCZEI75P07D615X', 'AuditoreForLife', 15, 15, 20, 250, 'Primavera Recca B');
INSERT INTO iscritto VALUES('CTTLND94R14D615R', 'BigBoot', 15, 15, 20, 250, 'Primavera Recca B');
INSERT INTO iscritto VALUES('SCHDLM90R07D615Y', 'DelSchiav', 15, 15, 20, 250, 'Primavera Recca B');
INSERT INTO iscritto VALUES('FRNGDE91M01D615J', 'UnFiorino', 15, 15, 20, 250, 'Primavera Recca B');
INSERT INTO iscritto VALUES('MRCPCR91M27D615M', 'PanMarc', 15, 15, 20, 250, 'Primavera Recca B');
INSERT INTO iscritto VALUES('NGLZEI86M10D615T', 'EziAng', 15, 0, 0, 250, 'Primavera Recca B');
INSERT INTO iscritto VALUES('DNSCLS89P23D615Y', 'CallUdi', 15, 0, 0, 250, 'Primavera Recca B');
INSERT INTO iscritto VALUES('TRVDRA76R08D615E', 'DarioTrevi', 15, 0, 0, 250, 'Primavera Recca B');
INSERT INTO iscritto VALUES('CNTLSN09A01F839X', 'cantoale', 11, 20, 10, 300, 'Juniores Recca');
INSERT INTO iscritto VALUES('CLBMTN89M10D615F', 'MartCala', 11, 15, 20, 250, 'Juniores Recca');
INSERT INTO iscritto VALUES('TRVGNN85P07D615A', 'GioTrev', 11, 15, 20, 250, 'Juniores Recca');
INSERT INTO iscritto VALUES('GRCTLM72P09D615R', 'ToloGrec', 11, 15, 20, 250, 'Juniores Recca');
INSERT INTO iscritto VALUES('LRNPCD89E24D615O', 'PlacLor', 11, 15, 20, 250, 'Juniores Recca');
INSERT INTO iscritto VALUES('BLLLNZ90R22D615J', 'LorBell', 11, 15, 20, 250, 'Juniores Recca');
INSERT INTO iscritto VALUES('BNONTN83P29D615O', 'AntBoni', 11, 15, 20, 250, 'Juniores Recca');
INSERT INTO iscritto VALUES('BNCGCM93M30D615P', 'GiacBianc', 11, 15, 20, 250, 'Juniores Recca');
INSERT INTO iscritto VALUES('LTTLNS87P27D615K', 'AlfLett', 11, 15, 20, 250, 'Juniores Recca');
INSERT INTO iscritto VALUES('PSNBNT85L26D615C', 'BenPisa', 11, 15, 20, 250, 'Juniores Recca');
INSERT INTO iscritto VALUES('MNCGRR91C10D615Y', 'GheMan', 11, 15, 20, 250, 'Juniores Recca');
INSERT INTO iscritto VALUES('MNLLND77L20D615C', 'LeoMona', 11, 15, 20, 250, 'Juniores Recca');
INSERT INTO iscritto VALUES('MZZGNZ86L26D615N', 'IgnMaz', 11, 0, 0, 250, 'Juniores Recca');
INSERT INTO iscritto VALUES('NCCMRG83E25D615B', 'AmbrNucc', 11, 0, 0, 250, 'Juniores Recca');
INSERT INTO iscritto VALUES('NPLRNU83H14D615V', 'UranNapoli', 11, 0, 0, 250, 'Juniores Recca');
INSERT INTO iscritto VALUES('BGIPCA15A01F839X', 'pacebia', 5, 1, 2, 100, 'Pulcini Recca');
INSERT INTO iscritto VALUES('CPNLVC80A01D615L', 'LudCapon', 5, 15, 20, 250, 'Pulcini Recca');
INSERT INTO iscritto VALUES('FNCLCA80A01D615V', 'AlcFanu', 5, 15, 20, 250, 'Pulcini Recca');
INSERT INTO iscritto VALUES('MLNFRC86D21D615A', 'FerrMila', 5, 15, 20, 250, 'Pulcini Recca');
INSERT INTO iscritto VALUES('GRDDVI88D22D615D', 'DivoGior', 5, 15, 20, 250, 'Pulcini Recca');
INSERT INTO iscritto VALUES('NPLFLC71E07D615W', 'FeliNapo', 5, 15, 20, 250, 'Pulcini Recca');
INSERT INTO iscritto VALUES('PGLLRT72D14D615P', 'LibPugl', 5, 15, 20, 250, 'Pulcini Recca');
INSERT INTO iscritto VALUES('CPNTMT71E04D615I', 'TimoCapon', 5, 15, 20, 250, 'Pulcini Recca');
INSERT INTO iscritto VALUES('PDVMLN73P07D615N', 'EmilPado', 5, 15, 20, 250, 'Pulcini Recca');
INSERT INTO iscritto VALUES('MRCRNU83P07D615P', 'UraMarc', 5, 15, 20, 250, 'Pulcini Recca');
INSERT INTO iscritto VALUES('CCCTCR87L22D615S', 'TanCocci', 5, 15, 20, 250, 'Pulcini Recca');
INSERT INTO iscritto VALUES('MNCVTI85E19D615K', 'VitoMan', 5, 15, 20, 250, 'Pulcini Recca');
INSERT INTO iscritto VALUES('NCCSLD88L21D615N', 'OsvNucc', 5, 0, 0, 250, 'Pulcini Recca');
INSERT INTO iscritto VALUES('FNCNLN90L29D615L', 'NapoFan', 5, 0, 0, 250, 'Pulcini Recca');
INSERT INTO iscritto VALUES('MNNLBR86M28D615T', 'LibMan', 5, 0, 0, 250, 'Pulcini Recca');

INSERT INTO retta(importo, sconto, iscritto, dataInizio, dataFine) VALUES (500, 100, 'gabrycaccia', '2020-7-20', '2021-7-20' );
INSERT INTO retta(importo, sconto, iscritto, dataInizio, dataFine) VALUES (500, 100, 'cantoale', '2020-7-20', '2021-7-20' );
INSERT INTO retta(importo, iscritto, dataInizio, dataFine) VALUES (50, 'yantcaccia', '2020-7-20', '2020-8-20' );
INSERT INTO retta(importo, iscritto, dataInizio, dataFine) VALUES (50, 'yantcaccia', '2020-8-21', '2020-9-21' );

INSERT INTO retta(importo, sconto, iscritto, dataInizio, dataFine) VALUES (600, 40, 'verTrev', '2020-9-11', '2021-9-11' );
INSERT INTO retta(importo, sconto, iscritto, dataInizio, dataFine) VALUES (600, 40, 'BrunoNd', '2020-9-11', '2021-9-11' ); 
INSERT INTO retta(importo, sconto, iscritto, dataInizio, dataFine) VALUES (600, 40, 'SquareAngy', '2020-9-11', '2021-9-11' );
INSERT INTO retta(importo, sconto, iscritto, dataInizio, dataFine) VALUES (600, 40, 'EdDell', '2020-9-11', '2021-9-11' );
INSERT INTO retta(importo, sconto, iscritto, dataInizio, dataFine) VALUES (600, 40, 'WelcomeBari', '2020-9-11', '2021-9-11' );
INSERT INTO retta(importo, sconto, iscritto, dataInizio, dataFine) VALUES (600, 40, 'ErosArancina', '2020-9-11', '2021-9-11' );
INSERT INTO retta(importo, sconto, iscritto, dataInizio, dataFine) VALUES (600, 40, 'FreeNucci', '2020-9-11', '2021-9-11' );
INSERT INTO retta(importo, sconto, iscritto, dataInizio, dataFine) VALUES (600, 40, 'Pierooo', '2020-9-11', '2021-9-11' );
INSERT INTO retta(importo, sconto, iscritto, dataInizio, dataFine) VALUES (600, 40, 'WhitePwr', '2020-9-11', '2021-9-11' );
INSERT INTO retta(importo, sconto, iscritto, dataInizio, dataFine) VALUES (50, 30, 'DvxOmerux', '2020-9-11', '2020-10-11' );
INSERT INTO retta(importo, sconto, iscritto, dataInizio, dataFine) VALUES (50, 30, 'WhiteHorse', '2020-9-11', '2020-10-11' );
INSERT INTO retta(importo, sconto, iscritto, dataInizio, dataFine) VALUES (50, 30, 'ChickPio', '2020-9-11', '2020-10-11' );
INSERT INTO retta(importo, sconto, iscritto, dataInizio, dataFine) VALUES (50, 30, 'fanCasino', '2020-9-11', '2020-10-11' );
INSERT INTO retta(importo, sconto, iscritto, dataInizio, dataFine) VALUES (50, 30, 'RiseAndWalk', '2020-9-11', '2020-10-11' );

INSERT INTO retta(importo, sconto, iscritto, dataInizio, dataFine) VALUES (600, 40, 'ciaoTrevi', '2020-9-11', '2021-9-11' );
INSERT INTO retta(importo, sconto, iscritto, dataInizio, dataFine) VALUES (600, 40, 'elMancio', '2020-9-11', '2021-9-11' );
INSERT INTO retta(importo, sconto, iscritto, dataInizio, dataFine) VALUES (600, 40, 'SiCulo', '2020-9-11', '2021-9-11' );
INSERT INTO retta(importo, sconto, iscritto, dataInizio, dataFine) VALUES (600, 40, 'NiceBeach', '2020-9-11', '2021-9-11' );
INSERT INTO retta(importo, sconto, iscritto, dataInizio, dataFine) VALUES (600, 40, 'BoiaDeh', '2020-9-11', '2021-9-11' );
INSERT INTO retta(importo, sconto, iscritto, dataInizio, dataFine) VALUES (600, 40, 'GermaniaOvest', '2020-9-11', '2021-9-11' );
INSERT INTO retta(importo, sconto, iscritto, dataInizio, dataFine) VALUES (600, 40, 'AuditoreForLife', '2020-9-11', '2021-9-11' );
INSERT INTO retta(importo, sconto, iscritto, dataInizio, dataFine) VALUES (600, 40, 'BigBoot', '2020-9-11', '2021-9-11' );
INSERT INTO retta(importo, sconto, iscritto, dataInizio, dataFine) VALUES (600, 40, 'DelSchiav', '2020-9-11', '2021-9-11' );
INSERT INTO retta(importo, sconto, iscritto, dataInizio, dataFine) VALUES (50, 30, 'UnFiorino', '2020-9-11', '2020-10-11' );
INSERT INTO retta(importo, sconto, iscritto, dataInizio, dataFine) VALUES (50, 30, 'PanMarc', '2020-9-11', '2020-10-11' );
INSERT INTO retta(importo, sconto, iscritto, dataInizio, dataFine) VALUES (50, 30, 'EziAng', '2020-9-11', '2020-10-11' );
INSERT INTO retta(importo, sconto, iscritto, dataInizio, dataFine) VALUES (50, 30, 'CallUdi', '2020-9-11', '2020-10-11' );
INSERT INTO retta(importo, sconto, iscritto, dataInizio, dataFine) VALUES (50, 30, 'DarioTrevi', '2020-9-11', '2020-10-11' );

INSERT INTO retta(importo, sconto, iscritto, dataInizio, dataFine) VALUES (600, 40, 'MartCala', '2020-9-11', '2021-9-11' );
INSERT INTO retta(importo, sconto, iscritto, dataInizio, dataFine) VALUES (600, 40, 'GioTrev', '2020-9-11', '2021-9-11' );
INSERT INTO retta(importo, sconto, iscritto, dataInizio, dataFine) VALUES (600, 40, 'ToloGrec', '2020-9-11', '2021-9-11' );
INSERT INTO retta(importo, sconto, iscritto, dataInizio, dataFine) VALUES (600, 40, 'PlacLor', '2020-9-11', '2021-9-11' );
INSERT INTO retta(importo, sconto, iscritto, dataInizio, dataFine) VALUES (600, 40, 'LorBell', '2020-9-11', '2021-9-11' );
INSERT INTO retta(importo, sconto, iscritto, dataInizio, dataFine) VALUES (600, 40, 'AntBoni', '2020-9-11', '2021-9-11' );
INSERT INTO retta(importo, sconto, iscritto, dataInizio, dataFine) VALUES (600, 40, 'GiacBianc', '2020-9-11', '2021-9-11' );
INSERT INTO retta(importo, sconto, iscritto, dataInizio, dataFine) VALUES (600, 40, 'AlfLett', '2020-9-11', '2021-9-11' );
INSERT INTO retta(importo, sconto, iscritto, dataInizio, dataFine) VALUES (600, 40, 'BenPisa', '2020-9-11', '2021-9-11' );
INSERT INTO retta(importo, sconto, iscritto, dataInizio, dataFine) VALUES (50, 30, 'GheMan', '2020-9-11', '2020-10-11' );
INSERT INTO retta(importo, sconto, iscritto, dataInizio, dataFine) VALUES (50, 30, 'LeoMona', '2020-9-11', '2020-10-11' );
INSERT INTO retta(importo, sconto, iscritto, dataInizio, dataFine) VALUES (50, 30, 'IgnMaz', '2020-9-11', '2020-10-11' );
INSERT INTO retta(importo, sconto, iscritto, dataInizio, dataFine) VALUES (50, 30, 'AmbrNucc', '2020-9-11', '2020-10-11' );
INSERT INTO retta(importo, sconto, iscritto, dataInizio, dataFine) VALUES (50, 30, 'UranNapoli', '2020-9-11', '2020-10-11' );

INSERT INTO retta(importo, sconto, iscritto, dataInizio, dataFine) VALUES (600, 40, 'LudCapon', '2020-9-11', '2021-9-11' );
INSERT INTO retta(importo, sconto, iscritto, dataInizio, dataFine) VALUES (600, 40, 'AlcFanu', '2020-9-11', '2021-9-11' );
INSERT INTO retta(importo, sconto, iscritto, dataInizio, dataFine) VALUES (600, 40, 'FerrMila', '2020-9-11', '2021-9-11' );
INSERT INTO retta(importo, sconto, iscritto, dataInizio, dataFine) VALUES (600, 40, 'DivoGior', '2020-9-11', '2021-9-11' );
INSERT INTO retta(importo, sconto, iscritto, dataInizio, dataFine) VALUES (600, 40, 'FeliNapo', '2020-9-11', '2021-9-11' );
INSERT INTO retta(importo, sconto, iscritto, dataInizio, dataFine) VALUES (600, 40, 'LibPugl', '2020-9-11', '2021-9-11' );
INSERT INTO retta(importo, sconto, iscritto, dataInizio, dataFine) VALUES (600, 40, 'TimoCapon', '2020-9-11', '2021-9-11' );
INSERT INTO retta(importo, sconto, iscritto, dataInizio, dataFine) VALUES (600, 40, 'EmilPado', '2020-9-11', '2021-9-11' );
INSERT INTO retta(importo, sconto, iscritto, dataInizio, dataFine) VALUES (600, 40, 'UraMarc', '2020-9-11', '2021-9-11' );
INSERT INTO retta(importo, sconto, iscritto, dataInizio, dataFine) VALUES (50, 30, 'TanCocci', '2020-9-11', '2020-10-11' );
INSERT INTO retta(importo, sconto, iscritto, dataInizio, dataFine) VALUES (50, 30, 'VitoMan', '2020-9-11', '2020-10-11' );
INSERT INTO retta(importo, sconto, iscritto, dataInizio, dataFine) VALUES (50, 30, 'OsvNucc', '2020-9-11', '2020-10-11' );
INSERT INTO retta(importo, sconto, iscritto, dataInizio, dataFine) VALUES (50, 30, 'NapoFan', '2020-9-11', '2020-10-11' );
INSERT INTO retta(importo, sconto, iscritto, dataInizio, dataFine) VALUES (50, 30, 'LibMan', '2020-9-11', '2020-10-11' );

INSERT INTO prodotto VALUES ('Cappello', 'Berretto snapback della scuola calcio FSC', '15', '001', '10');
INSERT INTO prodotto VALUES ('Maglia', 'Maglia da gara della scuola calcio FSC', '30', '002', '50');
INSERT INTO prodotto VALUES ('Borraccia', 'Borraccia termica della scuola calcio FSC', '15', '003', '3');
INSERT INTO prodotto VALUES ('Sciarpa', 'Sciarpa in lana della scuola calcio FSC', '10', '004', '10');

INSERT INTO notizia(titolo, articolo) VALUES('Orari', "Da lunedi 7 settembre ha preso il via la Futura Scuola Calcio. Numerosa la risposta da parte di tanti atleti, divisi nelle varie categorie e diretti da tecnici qualificati.

Sette campi a disposizione per tutte le fasce di età e la possibilità di iscriversi per i nati dal 2008 al 2016. Le sedute di allenamento sono programmate nei giorni di lunedi, mercoledi e venerdi dalle ore 15,30 alle ore 17 per il mese di settembre, mentre a partire da ottobre dalle 15 alle 16,30.

Le iscrizioni possono essere effettuate presso la segreteria del centro sportivo di Viale Messina tutti i pomeriggi da lunedi a venerdi. per informazioni tel. 368.33 66247");

INSERT INTO notizia(titolo, articolo) VALUES('Ottimi inizi', "Sara' la prima vera stagione per la Futura Scuola Calcio ed i suoi leoncini: la nuova Scuola Calcio professionale con istrutturati qualificati (di cui molti ex giocatori professionisti) ed un programma tecnico condiviso con una societa' professionistica. 

Nell'ultima settimana le squadra hanno regalato ottime prestazioni alla prima uscita nel mondo dei dilettanti. Tre vittorie per le annate 2010, 2011 e  2012: la prima contro Volpiano mentre le ultime due categorie contro la Pro Settimo Eureka. Le soddisfazioni non finiscono: anche i 2009 riescono a trovare il successo nell'ostica sfida contro il Pianezza. I 2008 invece escono sconfitti dai confronti con Alpignano e Bra.");

INSERT INTO notizia(titolo, articolo) VALUES('Open day', "Open day alla Futura Scuola Calcio: aprira' il suo centro sportivo per presentarsi ai giovani aspiranti calciatori. Gli atleti nati negli anni 2013, 2014 e 2015 avranno la possibilita' di partecipare agli open day tutti i lunedì, mercoledì e venerdì del mese di settembre.

La sessione di allenamento, completamente gratuita, rappresenta l’occasione per i bambini di esplorare il mondo della FSC e i suoi programmi specializzati, mentre i genitori potranno ricevere tutte le informazioni necessarie e scoprire un ambiente sicuro, protetto dove i ragazzi potranno crescere e maturare.

Nello specifico, i nati nel 2013 potranno partecipare agli open day il mercoledì e il venerdì, dalle 17.30 alle 19; mentre il lunedì e il mercoledì, sempre dalle 17.30 alle 19, saranno dedicati ai nati nel 2014 e 2015.

Le attività sono svolte secondo i protocolli federali per contenere la diffusione del Covid-19: i partecipanti dovranno compilare il modello di autocertificazione all’ingresso.

Per eventuali ulteriori informazioni contatteteci via email.
");

INSERT INTO acquisto(utente,prodotto,quantita) VALUES('yantcaccia','001','2');
INSERT INTO acquisto(utente,prodotto,quantita) VALUES('yantcaccia','002','5');
INSERT INTO acquisto(utente,prodotto,quantita) VALUES('gabrycaccia','003','3');
INSERT INTO acquisto(utente,prodotto,quantita) VALUES('pacebia','002','2');
INSERT INTO acquisto(utente,prodotto,quantita) VALUES('cantoale','004','10');

insert into immagini values (load_file('C:\\ProgramData\\MySQL\\MySQL Server 8.0\\Uploads\\Regular1.jpg'), "1");
insert into immagini values (load_file('C:\\ProgramData\\MySQL\\MySQL Server 8.0\\Uploads\\Maglia.jpg'), "2");
insert into immagini values (load_file('C:\\ProgramData\\MySQL\\MySQL Server 8.0\\Uploads\\borraccia.jpg'), "3");
insert into immagini values (load_file('C:\\ProgramData\\MySQL\\MySQL Server 8.0\\Uploads\\sciarpa.jpg'), "4");